investor_id,Missed_SIPs
INV000001,1
INV000002,4
INV000003,1
INV000004,3
INV000005,2
INV000006,3
INV000007,3
INV000008,5
INV000009,5
INV000010,3
INV000011,5
INV000012,5
INV000013,3
INV000014,5
INV000015,1
INV000016,2
INV000017,3
INV000018,3
INV000019,1
INV000020,3
INV000021,3
INV000022,5
INV000023,4
INV000024,3
INV000026,3
INV000027,3
INV000028,4
INV000029,4
INV000030,5
INV000031,2
INV000032,5
INV000033,7
INV000034,2
INV000035,1
INV000036,1
INV000037,3
INV000038,3
INV000039,5
INV000040,5
INV000041,4
INV000043,2
INV000044,3
INV000045,5
INV000046,3
INV000047,3
INV000048,4
INV000049,2
INV000050,1
INV000051,3
INV000052,5
INV000054,5
INV000055,5
INV000056,6
INV000057,5
INV000058,3
INV000060,1
INV000061,2
INV000062,5
INV000063,1
INV000065,5
INV000066,2
INV000069,4
INV000070,3
INV000071,1
INV000072,4
INV000073,4
INV000074,4
INV000075,6
INV000076,4
INV000077,1
INV000078,3
INV000079,5
INV000080,2
INV000081,5
INV000082,3
INV000083,1
INV000084,4
INV000085,3
INV000086,4
INV000087,5
INV000088,1
INV000089,5
INV000090,2
INV000091,5
INV000092,2
INV000093,4
INV000094,4
INV000095,5
INV000097,5
INV000098,4
INV000099,3
INV000100,3
INV000101,5
INV000102,6
INV000103,4
INV000104,6
INV000105,5
INV000106,2
INV000107,1
INV000108,3
INV000109,5
INV000110,2
INV000111,1
INV000112,2
INV000113,4
INV000114,1
INV000115,5
INV000116,3
INV000117,4
INV000118,2
INV000119,1
INV000120,2
INV000121,3
INV000123,4
INV000124,3
INV000125,5
INV000126,2
INV000127,1
INV000128,4
INV000129,6
INV000130,5
INV000131,6
INV000132,3
INV000133,2
INV000134,2
INV000135,2
INV000137,5
INV000138,4
INV000140,3
INV000143,3
INV000144,3
INV000145,5
INV000146,3
INV000147,4
INV000148,4
INV000150,4
INV000151,4
INV000152,1
INV000153,2
INV000154,6
INV000155,4
INV000156,4
INV000158,4
INV000159,2
INV000160,3
INV000161,4
INV000162,1
INV000163,6
INV000164,2
INV000165,5
INV000166,3
INV000167,5
INV000168,2
INV000169,4
INV000171,3
INV000172,2
INV000173,3
INV000174,5
INV000175,5
INV000176,3
INV000177,4
INV000178,1
INV000179,2
INV000180,2
INV000181,3
INV000182,6
INV000183,4
INV000185,1
INV000186,1
INV000188,1
INV000189,5
INV000190,3
INV000191,5
INV000192,5
INV000193,4
INV000194,4
INV000195,6
INV000196,5
INV000197,3
INV000199,2
INV000200,5
INV000201,5
INV000202,2
INV000203,3
INV000204,4
INV000205,4
INV000206,2
INV000207,3
INV000210,5
INV000211,4
INV000212,1
INV000213,3
INV000214,4
INV000215,4
INV000216,2
INV000217,3
INV000219,2
INV000220,3
INV000221,3
INV000222,2
INV000223,5
INV000224,4
INV000225,5
INV000226,5
INV000227,1
INV000228,6
INV000229,4
INV000230,5
INV000231,3
INV000232,1
INV000233,1
INV000234,4
INV000235,4
INV000236,6
INV000237,2
INV000238,4
INV000239,5
INV000240,1
INV000241,4
INV000242,6
INV000243,6
INV000244,3
INV000245,5
INV000246,3
INV000248,2
INV000249,1
INV000251,2
INV000252,4
INV000253,1
INV000254,1
INV000255,4
INV000256,6
INV000257,4
INV000259,5
INV000260,3
INV000261,3
INV000262,4
INV000263,4
INV000264,1
INV000265,5
INV000266,4
INV000267,4
INV000268,6
INV000269,3
INV000270,3
INV000271,3
INV000272,2
INV000274,4
INV000275,2
INV000276,2
INV000278,5
INV000279,3
INV000280,5
INV000281,1
INV000282,2
INV000283,5
INV000284,4
INV000285,3
INV000286,3
INV000287,3
INV000288,7
INV000289,6
INV000290,2
INV000291,4
INV000292,5
INV000293,6
INV000294,3
INV000295,1
INV000296,5
INV000297,5
INV000298,5
INV000299,7
INV000300,1
INV000301,3
INV000303,4
INV000304,4
INV000305,4
INV000306,2
INV000307,4
INV000308,4
INV000309,7
INV000310,5
INV000311,2
INV000312,6
INV000313,2
INV000314,5
INV000315,3
INV000316,5
INV000317,3
INV000318,5
INV000319,4
INV000320,6
INV000321,6
INV000322,3
INV000323,3
INV000324,2
INV000325,2
INV000326,3
INV000327,3
INV000328,4
INV000329,2
INV000330,4
INV000331,3
INV000332,2
INV000333,4
INV000334,3
INV000335,6
INV000336,1
INV000337,3
INV000338,1
INV000339,4
INV000340,1
INV000341,3
INV000343,3
INV000344,3
INV000346,4
INV000347,1
INV000348,3
INV000349,5
INV000350,1
INV000351,3
INV000352,2
INV000353,2
INV000354,5
INV000356,2
INV000357,3
INV000358,1
INV000359,5
INV000360,5
INV000361,2
INV000362,1
INV000363,4
INV000364,3
INV000366,2
INV000367,1
INV000368,1
INV000369,3
INV000370,5
INV000371,4
INV000372,4
INV000373,2
INV000374,3
INV000376,2
INV000377,4
INV000378,3
INV000379,2
INV000380,4
INV000381,1
INV000382,1
INV000383,6
INV000384,4
INV000385,2
INV000387,4
INV000388,6
INV000389,4
INV000390,6
INV000392,4
INV000393,5
INV000394,4
INV000395,6
INV000396,6
INV000397,4
INV000398,1
INV000399,7
INV000400,4
INV000402,3
INV000403,4
INV000404,1
INV000405,1
INV000407,5
INV000408,3
INV000409,3
INV000410,3
INV000411,3
INV000412,5
INV000413,4
INV000414,4
INV000415,6
INV000416,1
INV000417,3
INV000418,4
INV000419,2
INV000421,4
INV000423,2
INV000424,1
INV000425,2
INV000426,2
INV000427,5
INV000428,4
INV000429,4
INV000430,4
INV000431,6
INV000432,3
INV000433,2
INV000436,2
INV000437,3
INV000438,3
INV000439,5
INV000440,5
INV000441,4
INV000442,3
INV000443,3
INV000444,3
INV000445,6
INV000446,4
INV000448,1
INV000449,6
INV000452,4
INV000453,3
INV000454,4
INV000455,2
INV000456,3
INV000457,4
INV000458,5
INV000459,2
INV000460,3
INV000461,2
INV000462,1
INV000463,6
INV000465,3
INV000466,4
INV000467,4
INV000469,5
INV000470,3
INV000471,3
INV000472,2
INV000473,2
INV000474,3
INV000475,2
INV000476,1
INV000477,5
INV000478,1
INV000479,1
INV000480,3
INV000481,5
INV000482,3
INV000483,5
INV000485,3
INV000486,1
INV000487,5
INV000488,5
INV000489,4
INV000490,2
INV000491,4
INV000492,3
INV000493,3
INV000494,2
INV000495,4
INV000496,4
INV000497,3
INV000498,2
INV000499,5
INV000500,3
INV000501,2
INV000503,2
INV000505,5
INV000506,2
INV000507,4
INV000508,1
INV000509,3
INV000510,3
INV000511,4
INV000512,5
INV000513,1
INV000514,3
INV000515,2
INV000516,1
INV000517,3
INV000518,1
INV000519,4
INV000520,4
INV000521,4
INV000522,7
INV000523,5
INV000524,5
INV000525,3
INV000526,4
INV000527,5
INV000529,5
INV000530,3
INV000531,4
INV000532,7
INV000533,3
INV000534,1
INV000535,3
INV000536,2
INV000537,3
INV000538,2
INV000539,4
INV000540,5
INV000541,1
INV000542,4
INV000543,5
INV000544,5
INV000545,5
INV000546,5
INV000547,6
INV000548,5
INV000549,4
INV000550,2
INV000551,3
INV000552,6
INV000553,3
INV000554,4
INV000555,2
INV000556,4
INV000557,2
INV000558,3
INV000559,2
INV000560,3
INV000562,2
INV000563,5
INV000564,2
INV000565,2
INV000566,3
INV000567,4
INV000568,3
INV000569,6
INV000570,5
INV000572,3
INV000573,4
INV000574,1
INV000575,2
INV000576,3
INV000577,3
INV000578,5
INV000580,5
INV000581,4
INV000583,4
INV000584,4
INV000585,4
INV000586,4
INV000587,5
INV000588,1
INV000589,6
INV000590,2
INV000591,5
INV000592,3
INV000593,6
INV000595,7
INV000596,6
INV000597,5
INV000598,4
INV000599,4
INV000600,4
INV000601,4
INV000602,6
INV000603,3
INV000604,6
INV000605,1
INV000606,4
INV000607,5
INV000608,4
INV000609,3
INV000611,3
INV000612,4
INV000613,1
INV000614,1
INV000615,3
INV000616,4
INV000617,2
INV000619,2
INV000621,5
INV000622,2
INV000623,4
INV000624,4
INV000625,5
INV000626,3
INV000627,2
INV000628,1
INV000629,3
INV000630,3
INV000631,4
INV000632,3
INV000633,5
INV000634,5
INV000635,3
INV000636,2
INV000637,3
INV000638,5
INV000639,5
INV000641,3
INV000642,7
INV000643,3
INV000644,1
INV000645,4
INV000646,4
INV000647,1
INV000648,3
INV000649,4
INV000650,3
INV000651,2
INV000652,5
INV000653,1
INV000654,3
INV000655,1
INV000656,5
INV000657,7
INV000658,3
INV000659,4
INV000660,2
INV000661,6
INV000662,5
INV000663,4
INV000664,4
INV000665,3
INV000666,3
INV000667,4
INV000668,3
INV000669,2
INV000670,2
INV000671,3
INV000672,1
INV000673,4
INV000675,4
INV000676,6
INV000677,3
INV000678,5
INV000679,2
INV000680,2
INV000681,1
INV000682,4
INV000683,4
INV000684,4
INV000686,1
INV000687,2
INV000688,1
INV000689,2
INV000690,5
INV000691,6
INV000693,4
INV000694,5
INV000695,5
INV000696,3
INV000698,5
INV000699,3
INV000700,1
INV000701,5
INV000702,2
INV000703,5
INV000704,3
INV000705,3
INV000706,5
INV000707,5
INV000708,5
INV000709,3
INV000710,5
INV000711,5
INV000713,2
INV000714,2
INV000715,4
INV000716,1
INV000717,4
INV000718,4
INV000719,5
INV000720,5
INV000721,4
INV000722,4
INV000723,2
INV000724,3
INV000725,6
INV000726,4
INV000728,2
INV000729,4
INV000730,3
INV000731,2
INV000732,4
INV000733,3
INV000734,3
INV000735,3
INV000736,5
INV000737,6
INV000738,4
INV000739,4
INV000740,1
INV000741,5
INV000742,4
INV000743,3
INV000744,2
INV000745,3
INV000746,5
INV000747,5
INV000748,3
INV000749,5
INV000750,2
INV000751,6
INV000752,3
INV000753,4
INV000754,5
INV000755,4
INV000756,2
INV000757,4
INV000758,4
INV000759,5
INV000760,3
INV000761,6
INV000762,3
INV000764,3
INV000765,4
INV000766,3
INV000767,3
INV000768,6
INV000769,6
INV000770,1
INV000771,3
INV000772,4
INV000774,5
INV000775,3
INV000776,6
INV000777,3
INV000778,4
INV000779,5
INV000781,3
INV000782,2
INV000783,5
INV000784,4
INV000785,4
INV000786,4
INV000788,3
INV000789,4
INV000791,6
INV000792,1
INV000793,5
INV000795,3
INV000796,3
INV000797,2
INV000799,4
INV000800,2
INV000801,3
INV000802,2
INV000803,5
INV000804,3
INV000806,3
INV000808,2
INV000809,4
INV000810,4
INV000811,2
INV000813,2
INV000814,5
INV000815,3
INV000816,1
INV000818,4
INV000819,3
INV000820,2
INV000821,5
INV000822,4
INV000823,4
INV000824,3
INV000825,3
INV000826,4
INV000827,5
INV000828,1
INV000829,5
INV000830,4
INV000831,3
INV000832,3
INV000833,5
INV000834,1
INV000836,5
INV000837,2
INV000838,3
INV000839,2
INV000840,3
INV000841,4
INV000843,3
INV000844,3
INV000845,2
INV000846,3
INV000847,4
INV000848,1
INV000849,4
INV000850,1
INV000851,5
INV000852,3
INV000853,5
INV000854,4
INV000855,3
INV000856,5
INV000857,3
INV000858,4
INV000859,2
INV000860,3
INV000861,5
INV000862,4
INV000864,4
INV000865,6
INV000866,1
INV000867,2
INV000869,3
INV000870,4
INV000873,4
INV000874,7
INV000875,1
INV000876,2
INV000877,5
INV000878,1
INV000879,2
INV000880,5
INV000881,5
INV000883,1
INV000884,1
INV000885,2
INV000886,1
INV000887,2
INV000888,3
INV000889,1
INV000890,3
INV000891,5
INV000892,3
INV000893,3
INV000894,4
INV000895,5
INV000896,1
INV000897,2
INV000898,1
INV000899,2
INV000900,3
INV000901,4
INV000902,4
INV000904,3
INV000906,5
INV000907,4
INV000908,3
INV000909,3
INV000910,4
INV000912,5
INV000913,3
INV000914,4
INV000915,5
INV000918,2
INV000919,2
INV000920,4
INV000921,3
INV000922,4
INV000925,3
INV000926,4
INV000927,1
INV000929,4
INV000930,3
INV000931,3
INV000932,1
INV000933,5
INV000934,2
INV000935,3
INV000937,2
INV000938,1
INV000939,5
INV000940,3
INV000941,3
INV000942,6
INV000943,3
INV000944,2
INV000946,3
INV000947,4
INV000948,1
INV000949,5
INV000950,4
INV000953,3
INV000954,5
INV000955,3
INV000957,4
INV000958,3
INV000959,4
INV000960,5
INV000961,2
INV000962,4
INV000963,3
INV000964,3
INV000966,5
INV000967,1
INV000968,3
INV000969,3
INV000970,2
INV000971,5
INV000972,4
INV000973,1
INV000974,6
INV000975,1
INV000976,1
INV000977,4
INV000978,3
INV000979,5
INV000980,3
INV000981,4
INV000982,1
INV000983,2
INV000984,5
INV000985,5
INV000986,2
INV000987,2
INV000988,5
INV000989,4
INV000990,3
INV000991,1
INV000992,3
INV000994,4
INV000995,2
INV000997,4
INV000998,2
INV000999,3
INV001001,4
INV001002,5
INV001003,2
INV001004,3
INV001005,5
INV001006,3
INV001007,1
INV001008,3
INV001009,4
INV001011,3
INV001012,1
INV001013,6
INV001014,5
INV001015,2
INV001016,2
INV001017,4
INV001018,2
INV001019,4
INV001020,2
INV001021,3
INV001022,2
INV001023,5
INV001024,3
INV001025,2
INV001026,4
INV001027,5
INV001028,3
INV001029,5
INV001030,2
INV001031,4
INV001033,1
INV001034,4
INV001036,5
INV001037,6
INV001038,2
INV001039,3
INV001040,3
INV001041,4
INV001042,3
INV001043,4
INV001044,2
INV001045,6
INV001046,3
INV001047,6
INV001048,5
INV001049,3
INV001050,3
INV001051,4
INV001052,3
INV001053,5
INV001054,1
INV001055,5
INV001056,2
INV001057,3
INV001058,6
INV001059,3
INV001060,6
INV001061,5
INV001062,3
INV001063,3
INV001064,5
INV001065,3
INV001066,2
INV001067,5
INV001068,4
INV001069,3
INV001070,2
INV001071,1
INV001072,1
INV001074,2
INV001075,4
INV001076,2
INV001077,3
INV001079,4
INV001080,4
INV001081,2
INV001082,3
INV001083,3
INV001085,1
INV001086,2
INV001087,3
INV001088,4
INV001091,4
INV001092,5
INV001093,5
INV001094,4
INV001095,1
INV001096,4
INV001097,1
INV001099,4
INV001101,5
INV001102,7
INV001103,3
INV001104,1
INV001105,1
INV001106,3
INV001107,2
INV001108,3
INV001109,4
INV001110,2
INV001111,4
INV001112,3
INV001113,3
INV001114,1
INV001115,3
INV001116,5
INV001117,5
INV001118,5
INV001119,2
INV001120,1
INV001121,2
INV001122,2
INV001123,4
INV001124,4
INV001126,1
INV001127,3
INV001128,5
INV001130,7
INV001131,4
INV001133,2
INV001134,1
INV001136,1
INV001137,4
INV001138,5
INV001139,2
INV001140,3
INV001141,5
INV001142,4
INV001143,1
INV001144,3
INV001145,1
INV001147,2
INV001148,1
INV001149,2
INV001150,1
INV001151,2
INV001152,2
INV001154,3
INV001155,4
INV001156,5
INV001157,4
INV001158,4
INV001159,2
INV001160,6
INV001161,5
INV001162,1
INV001163,4
INV001164,3
INV001165,5
INV001166,5
INV001167,3
INV001168,5
INV001169,3
INV001170,4
INV001171,3
INV001172,2
INV001173,3
INV001174,6
INV001175,5
INV001176,1
INV001178,7
INV001179,1
INV001180,5
INV001181,5
INV001182,2
INV001183,2
INV001185,4
INV001186,3
INV001188,1
INV001189,5
INV001190,4
INV001191,3
INV001192,5
INV001193,2
INV001194,2
INV001195,3
INV001196,4
INV001197,3
INV001198,6
INV001199,2
INV001200,1
INV001202,5
INV001203,1
INV001204,4
INV001205,2
INV001206,4
INV001207,3
INV001208,4
INV001209,2
INV001210,3
INV001211,2
INV001212,3
INV001213,5
INV001214,2
INV001215,4
INV001216,2
INV001217,5
INV001218,3
INV001219,4
INV001220,5
INV001221,5
INV001222,2
INV001223,6
INV001224,3
INV001225,6
INV001226,1
INV001227,6
INV001228,6
INV001229,2
INV001230,1
INV001232,3
INV001233,3
INV001234,4
INV001235,5
INV001236,3
INV001237,4
INV001238,4
INV001240,1
INV001241,2
INV001242,5
INV001244,1
INV001245,2
INV001246,2
INV001247,2
INV001249,4
INV001250,5
INV001251,3
INV001254,3
INV001255,2
INV001256,2
INV001257,3
INV001258,1
INV001259,3
INV001260,5
INV001261,4
INV001262,4
INV001263,2
INV001264,4
INV001265,2
INV001266,1
INV001267,1
INV001269,7
INV001271,3
INV001272,1
INV001273,2
INV001274,6
INV001275,5
INV001276,3
INV001277,1
INV001279,1
INV001280,4
INV001281,3
INV001282,5
INV001284,6
INV001287,6
INV001288,3
INV001289,2
INV001290,1
INV001291,4
INV001292,1
INV001295,3
INV001296,1
INV001297,1
INV001298,4
INV001299,4
INV001300,4
INV001301,1
INV001303,1
INV001304,6
INV001305,1
INV001306,1
INV001307,1
INV001308,5
INV001310,5
INV001311,3
INV001312,4
INV001313,3
INV001314,5
INV001315,3
INV001316,4
INV001317,4
INV001318,4
INV001319,3
INV001320,4
INV001321,4
INV001322,5
INV001325,4
INV001326,5
INV001327,1
INV001328,2
INV001329,5
INV001330,4
INV001331,7
INV001332,4
INV001333,3
INV001334,6
INV001335,1
INV001336,5
INV001337,3
INV001338,1
INV001340,2
INV001341,3
INV001342,3
INV001343,3
INV001344,2
INV001345,5
INV001346,3
INV001347,1
INV001348,3
INV001349,2
INV001350,4
INV001351,3
INV001352,2
INV001353,5
INV001354,4
INV001355,4
INV001356,5
INV001357,2
INV001359,3
INV001361,4
INV001362,1
INV001363,3
INV001364,1
INV001365,2
INV001366,5
INV001367,4
INV001368,1
INV001369,4
INV001370,5
INV001371,3
INV001372,2
INV001373,2
INV001374,4
INV001375,5
INV001376,3
INV001377,4
INV001378,5
INV001379,4
INV001380,1
INV001382,2
INV001383,6
INV001384,3
INV001385,2
INV001386,3
INV001387,5
INV001388,4
INV001389,4
INV001390,3
INV001391,4
INV001392,3
INV001393,1
INV001394,3
INV001395,3
INV001396,4
INV001397,6
INV001398,5
INV001399,3
INV001400,3
INV001401,5
INV001402,5
INV001403,1
INV001404,3
INV001405,3
INV001406,4
INV001407,2
INV001408,1
INV001409,3
INV001410,4
INV001411,3
INV001412,2
INV001413,4
INV001414,1
INV001415,5
INV001416,1
INV001417,4
INV001418,3
INV001419,5
INV001420,3
INV001421,4
INV001422,3
INV001423,5
INV001424,4
INV001425,1
INV001428,6
INV001429,1
INV001431,2
INV001432,4
INV001433,3
INV001434,4
INV001435,1
INV001436,2
INV001437,2
INV001439,4
INV001440,4
INV001441,1
INV001442,4
INV001443,4
INV001444,2
INV001445,3
INV001446,3
INV001447,3
INV001448,2
INV001449,3
INV001450,3
INV001452,2
INV001453,2
INV001454,5
INV001455,4
INV001456,5
INV001457,5
INV001458,3
INV001459,3
INV001460,3
INV001461,1
INV001462,5
INV001463,3
INV001465,3
INV001466,4
INV001467,5
INV001468,2
INV001469,1
INV001470,4
INV001472,4
INV001473,2
INV001474,1
INV001475,3
INV001476,2
INV001477,2
INV001478,4
INV001479,2
INV001480,2
INV001481,3
INV001482,3
INV001483,4
INV001484,2
INV001485,5
INV001486,1
INV001487,2
INV001488,3
INV001489,3
INV001491,5
INV001492,3
INV001493,2
INV001494,2
INV001496,5
INV001497,4
INV001498,5
INV001499,5
INV001500,4
INV001501,4
INV001502,1
INV001503,2
INV001504,4
INV001505,2
INV001506,3
INV001507,6
INV001508,7
INV001510,4
INV001511,1
INV001512,6
INV001513,3
INV001514,6
INV001515,3
INV001516,5
INV001517,2
INV001518,5
INV001519,2
INV001520,2
INV001521,2
INV001522,1
INV001524,5
INV001525,4
INV001526,4
INV001527,1
INV001528,5
INV001529,2
INV001530,5
INV001531,2
INV001532,6
INV001533,1
INV001534,4
INV001535,2
INV001536,3
INV001537,3
INV001538,4
INV001539,2
INV001540,2
INV001542,2
INV001543,4
INV001544,5
INV001545,4
INV001546,1
INV001547,6
INV001548,4
INV001549,6
INV001550,4
INV001551,5
INV001552,1
INV001553,9
INV001555,4
INV001556,2
INV001557,2
INV001558,5
INV001560,3
INV001561,3
INV001562,3
INV001563,1
INV001564,5
INV001565,2
INV001566,2
INV001567,3
INV001569,2
INV001570,6
INV001571,2
INV001573,3
INV001574,2
INV001575,5
INV001576,6
INV001578,1
INV001579,5
INV001580,5
INV001581,3
INV001583,5
INV001584,2
INV001585,3
INV001586,2
INV001587,6
INV001588,4
INV001590,2
INV001591,3
INV001592,1
INV001593,2
INV001594,4
INV001595,5
INV001596,4
INV001597,5
INV001598,5
INV001599,7
INV001600,3
INV001601,1
INV001602,6
INV001603,4
INV001604,2
INV001605,7
INV001606,4
INV001607,1
INV001608,3
INV001609,4
INV001611,5
INV001612,5
INV001613,1
INV001614,1
INV001615,3
INV001616,5
INV001618,3
INV001619,4
INV001620,2
INV001621,2
INV001622,1
INV001623,5
INV001624,4
INV001625,5
INV001626,1
INV001627,3
INV001628,5
INV001629,7
INV001630,2
INV001631,6
INV001632,1
INV001634,1
INV001635,5
INV001636,4
INV001637,5
INV001638,2
INV001639,4
INV001640,3
INV001641,5
INV001642,3
INV001643,6
INV001644,5
INV001645,5
INV001646,2
INV001648,6
INV001649,4
INV001650,1
INV001651,5
INV001652,4
INV001653,4
INV001654,4
INV001655,2
INV001656,4
INV001658,4
INV001659,1
INV001660,3
INV001661,4
INV001662,5
INV001663,4
INV001664,1
INV001665,2
INV001666,3
INV001668,2
INV001669,1
INV001670,5
INV001671,3
INV001672,2
INV001673,4
INV001674,3
INV001676,3
INV001677,2
INV001678,1
INV001679,4
INV001680,3
INV001681,1
INV001683,4
INV001684,2
INV001685,1
INV001686,1
INV001687,1
INV001688,2
INV001689,5
INV001690,7
INV001691,6
INV001692,5
INV001693,2
INV001694,6
INV001696,4
INV001697,3
INV001699,5
INV001701,5
INV001702,1
INV001705,4
INV001706,3
INV001707,2
INV001708,1
INV001709,3
INV001710,2
INV001711,2
INV001712,4
INV001713,4
INV001714,1
INV001715,5
INV001716,3
INV001717,3
INV001718,4
INV001719,2
INV001720,6
INV001721,4
INV001722,4
INV001723,2
INV001724,6
INV001725,5
INV001726,2
INV001727,3
INV001728,3
INV001729,3
INV001731,1
INV001732,4
INV001733,1
INV001734,4
INV001735,4
INV001736,5
INV001737,3
INV001738,4
INV001739,6
INV001740,3
INV001741,5
INV001742,5
INV001743,2
INV001744,6
INV001745,3
INV001746,1
INV001747,2
INV001748,3
INV001750,2
INV001751,4
INV001752,4
INV001753,6
INV001754,3
INV001755,1
INV001757,3
INV001758,4
INV001759,6
INV001760,2
INV001762,4
INV001763,4
INV001764,4
INV001765,4
INV001766,1
INV001769,4
INV001770,3
INV001771,5
INV001772,4
INV001773,2
INV001774,2
INV001775,2
INV001776,1
INV001777,4
INV001778,5
INV001779,1
INV001780,3
INV001781,3
INV001782,6
INV001783,3
INV001784,3
INV001785,1
INV001787,3
INV001788,3
INV001789,3
INV001790,2
INV001791,2
INV001792,4
INV001793,1
INV001794,3
INV001795,3
INV001796,4
INV001797,5
INV001798,2
INV001799,5
INV001800,5
INV001801,4
INV001802,6
INV001803,4
INV001804,7
INV001805,3
INV001806,4
INV001807,1
INV001808,1
INV001809,4
INV001810,5
INV001811,5
INV001813,4
INV001814,6
INV001815,4
INV001816,5
INV001817,1
INV001818,2
INV001819,1
INV001820,4
INV001821,3
INV001822,2
INV001823,5
INV001824,3
INV001825,4
INV001826,2
INV001827,4
INV001828,4
INV001829,3
INV001830,2
INV001831,3
INV001832,4
INV001833,1
INV001834,4
INV001835,5
INV001836,4
INV001837,7
INV001838,1
INV001839,2
INV001840,1
INV001841,2
INV001842,4
INV001843,5
INV001844,2
INV001845,3
INV001846,2
INV001847,2
INV001848,4
INV001849,3
INV001850,3
INV001851,3
INV001852,5
INV001853,4
INV001854,2
INV001855,1
INV001856,5
INV001857,4
INV001858,2
INV001859,4
INV001860,2
INV001861,4
INV001862,2
INV001863,2
INV001865,4
INV001866,4
INV001867,3
INV001868,3
INV001869,2
INV001870,4
INV001871,6
INV001872,2
INV001873,2
INV001874,4
INV001875,3
INV001876,3
INV001877,3
INV001878,2
INV001879,6
INV001880,5
INV001881,4
INV001882,4
INV001883,4
INV001885,5
INV001886,3
INV001887,3
INV001888,4
INV001890,3
INV001891,2
INV001892,2
INV001893,3
INV001894,2
INV001895,5
INV001896,2
INV001897,5
INV001899,4
INV001900,2
INV001901,2
INV001902,2
INV001903,4
INV001904,1
INV001905,4
INV001906,2
INV001908,3
INV001909,6
INV001910,3
INV001911,2
INV001912,5
INV001913,2
INV001914,6
INV001915,1
INV001916,3
INV001917,3
INV001918,1
INV001919,1
INV001920,3
INV001921,7
INV001922,4
INV001923,6
INV001924,6
INV001926,6
INV001927,6
INV001928,3
INV001929,4
INV001930,2
INV001932,1
INV001933,4
INV001934,1
INV001937,4
INV001938,4
INV001939,1
INV001940,3
INV001941,1
INV001942,2
INV001943,3
INV001944,4
INV001945,4
INV001946,4
INV001948,2
INV001949,2
INV001950,5
INV001951,5
INV001952,1
INV001953,1
INV001954,4
INV001955,4
INV001956,4
INV001957,1
INV001958,2
INV001959,5
INV001960,2
INV001961,5
INV001962,3
INV001963,1
INV001965,1
INV001966,3
INV001967,1
INV001968,3
INV001969,7
INV001970,4
INV001971,4
INV001972,4
INV001974,5
INV001975,5
INV001976,2
INV001977,3
INV001978,5
INV001979,3
INV001980,2
INV001981,3
INV001982,4
INV001983,6
INV001985,3
INV001986,4
INV001987,4
INV001988,2
INV001989,2
INV001990,5
INV001991,1
INV001992,4
INV001993,6
INV001994,1
INV001995,5
INV001996,1
INV001997,4
INV001998,6
INV001999,4
INV002000,4
INV002001,4
INV002002,3
INV002003,4
INV002004,1
INV002005,5
INV002006,4
INV002007,1
INV002008,5
INV002010,7
INV002011,5
INV002012,4
INV002013,4
INV002014,2
INV002015,3
INV002016,3
INV002017,4
INV002018,5
INV002019,4
INV002020,2
INV002021,5
INV002022,4
INV002023,3
INV002024,1
INV002025,4
INV002026,4
INV002027,2
INV002028,1
INV002029,1
INV002030,4
INV002032,1
INV002033,4
INV002034,5
INV002035,5
INV002036,3
INV002037,2
INV002038,5
INV002039,4
INV002040,6
INV002041,3
INV002042,4
INV002043,3
INV002044,5
INV002045,4
INV002046,1
INV002047,3
INV002049,4
INV002050,3
INV002051,3
INV002052,3
INV002054,3
INV002055,3
INV002056,4
INV002057,1
INV002058,2
INV002059,2
INV002060,3
INV002061,4
INV002062,2
INV002063,1
INV002064,1
INV002065,2
INV002066,4
INV002067,5
INV002068,1
INV002069,5
INV002070,6
INV002071,3
INV002072,1
INV002073,2
INV002074,3
INV002075,4
INV002077,3
INV002078,1
INV002079,2
INV002080,6
INV002081,2
INV002082,2
INV002083,5
INV002085,2
INV002087,4
INV002088,3
INV002089,3
INV002090,4
INV002092,5
INV002093,2
INV002094,2
INV002095,3
INV002096,2
INV002097,1
INV002098,4
INV002099,5
INV002100,2
INV002101,4
INV002102,4
INV002103,1
INV002104,4
INV002106,2
INV002107,4
INV002108,1
INV002109,2
INV002110,2
INV002111,6
INV002112,3
INV002113,4
INV002114,3
INV002115,5
INV002116,3
INV002117,4
INV002118,1
INV002119,4
INV002120,2
INV002121,5
INV002122,4
INV002123,5
INV002124,4
INV002125,1
INV002126,5
INV002127,3
INV002128,3
INV002129,2
INV002130,4
INV002131,4
INV002133,3
INV002134,6
INV002135,4
INV002136,2
INV002137,2
INV002138,4
INV002139,3
INV002140,2
INV002141,4
INV002142,5
INV002143,3
INV002144,4
INV002145,1
INV002146,2
INV002147,1
INV002148,3
INV002149,1
INV002150,4
INV002151,4
INV002152,4
INV002153,4
INV002154,3
INV002155,4
INV002156,1
INV002157,5
INV002158,4
INV002159,4
INV002160,1
INV002161,4
INV002162,6
INV002163,1
INV002164,5
INV002165,5
INV002166,5
INV002167,5
INV002168,3
INV002169,3
INV002170,4
INV002171,2
INV002172,2
INV002173,1
INV002174,3
INV002175,1
INV002176,4
INV002177,4
INV002178,4
INV002179,4
INV002180,2
INV002181,4
INV002182,4
INV002183,3
INV002184,4
INV002185,2
INV002186,7
INV002187,5
INV002188,2
INV002189,4
INV002190,3
INV002191,3
INV002192,4
INV002193,1
INV002195,6
INV002196,5
INV002197,3
INV002198,3
INV002199,4
INV002200,3
INV002201,5
INV002202,5
INV002203,1
INV002204,3
INV002205,3
INV002206,6
INV002207,3
INV002208,4
INV002209,1
INV002211,3
INV002212,3
INV002213,4
INV002214,7
INV002215,8
INV002216,6
INV002217,3
INV002218,3
INV002219,4
INV002220,4
INV002221,1
INV002222,2
INV002223,3
INV002224,2
INV002225,3
INV002226,1
INV002227,2
INV002228,5
INV002229,5
INV002230,4
INV002232,4
INV002234,5
INV002235,3
INV002236,4
INV002237,2
INV002238,4
INV002239,4
INV002240,5
INV002241,5
INV002242,3
INV002243,3
INV002244,5
INV002245,3
INV002246,2
INV002248,5
INV002249,4
INV002250,5
INV002251,4
INV002252,5
INV002253,2
INV002255,3
INV002256,4
INV002257,2
INV002258,4
INV002259,5
INV002260,4
INV002261,2
INV002262,3
INV002264,2
INV002265,4
INV002266,2
INV002267,5
INV002269,1
INV002270,6
INV002271,3
INV002272,1
INV002273,1
INV002274,5
INV002275,5
INV002276,5
INV002277,4
INV002278,2
INV002279,3
INV002280,4
INV002281,4
INV002282,3
INV002283,2
INV002284,5
INV002286,3
INV002287,2
INV002288,1
INV002290,4
INV002291,2
INV002292,3
INV002293,1
INV002294,4
INV002295,5
INV002296,1
INV002297,1
INV002298,3
INV002299,4
INV002300,3
INV002301,1
INV002302,3
INV002304,6
INV002306,3
INV002307,3
INV002308,7
INV002310,4
INV002311,5
INV002312,3
INV002314,2
INV002315,5
INV002316,3
INV002318,2
INV002319,3
INV002320,2
INV002322,4
INV002323,3
INV002324,2
INV002325,4
INV002326,5
INV002327,7
INV002328,5
INV002329,6
INV002330,2
INV002331,2
INV002332,4
INV002333,3
INV002334,3
INV002335,3
INV002337,1
INV002338,3
INV002339,3
INV002341,2
INV002342,4
INV002343,6
INV002344,6
INV002345,3
INV002346,4
INV002347,4
INV002348,5
INV002349,6
INV002350,6
INV002351,5
INV002352,2
INV002353,4
INV002355,1
INV002357,3
INV002358,2
INV002360,6
INV002361,4
INV002363,4
INV002364,5
INV002365,5
INV002366,3
INV002367,3
INV002368,2
INV002369,6
INV002370,4
INV002371,1
INV002372,6
INV002373,6
INV002374,4
INV002375,1
INV002377,3
INV002378,3
INV002379,4
INV002380,3
INV002381,4
INV002382,4
INV002383,2
INV002384,5
INV002385,1
INV002387,5
INV002388,2
INV002389,4
INV002390,3
INV002391,3
INV002392,5
INV002393,4
INV002394,4
INV002395,4
INV002396,2
INV002397,4
INV002399,4
INV002400,5
INV002401,5
INV002402,5
INV002403,2
INV002404,1
INV002405,2
INV002406,1
INV002407,3
INV002408,1
INV002409,4
INV002411,2
INV002412,5
INV002413,4
INV002414,3
INV002415,4
INV002416,4
INV002417,3
INV002418,4
INV002419,3
INV002420,6
INV002421,1
INV002422,4
INV002423,3
INV002424,3
INV002425,3
INV002426,3
INV002427,3
INV002428,2
INV002429,3
INV002430,4
INV002431,6
INV002432,1
INV002434,4
INV002435,3
INV002436,3
INV002437,3
INV002438,2
INV002440,4
INV002441,3
INV002442,1
INV002444,1
INV002445,3
INV002446,4
INV002447,1
INV002448,2
INV002449,1
INV002450,2
INV002451,1
INV002452,3
INV002453,6
INV002454,3
INV002456,1
INV002457,1
INV002458,3
INV002459,5
INV002460,3
INV002461,4
INV002463,3
INV002464,1
INV002465,2
INV002466,6
INV002467,5
INV002468,4
INV002469,5
INV002471,4
INV002472,5
INV002473,1
INV002475,4
INV002476,6
INV002477,1
INV002478,1
INV002479,1
INV002481,1
INV002483,5
INV002484,1
INV002485,5
INV002486,3
INV002487,2
INV002488,5
INV002489,1
INV002490,5
INV002491,2
INV002493,2
INV002494,2
INV002495,5
INV002496,4
INV002497,5
INV002498,1
INV002499,6
INV002500,4
INV002502,4
INV002503,5
INV002504,4
INV002505,3
INV002506,5
INV002507,3
INV002508,3
INV002509,3
INV002510,4
INV002511,1
INV002512,3
INV002513,4
INV002514,1
INV002515,2
INV002516,1
INV002518,4
INV002520,6
INV002521,4
INV002523,7
INV002524,2
INV002525,1
INV002526,6
INV002527,2
INV002528,3
INV002529,4
INV002530,4
INV002531,5
INV002532,2
INV002533,4
INV002534,2
INV002535,5
INV002536,3
INV002538,1
INV002539,1
INV002540,2
INV002541,2
INV002542,6
INV002543,5
INV002545,2
INV002546,6
INV002547,5
INV002548,3
INV002549,4
INV002550,2
INV002551,3
INV002552,6
INV002553,5
INV002554,4
INV002555,6
INV002556,4
INV002557,2
INV002558,5
INV002559,2
INV002560,5
INV002561,3
INV002563,5
INV002564,2
INV002565,4
INV002566,6
INV002567,4
INV002568,5
INV002570,3
INV002571,6
INV002572,7
INV002574,4
INV002575,5
INV002576,1
INV002577,2
INV002578,3
INV002579,2
INV002580,3
INV002582,5
INV002583,4
INV002584,1
INV002585,7
INV002586,5
INV002587,2
INV002588,5
INV002590,4
INV002591,4
INV002592,4
INV002593,2
INV002594,3
INV002595,3
INV002596,2
INV002597,2
INV002598,3
INV002599,3
INV002600,4
INV002601,2
INV002602,6
INV002603,4
INV002604,3
INV002605,2
INV002606,3
INV002607,2
INV002608,2
INV002609,1
INV002610,3
INV002611,4
INV002612,1
INV002613,7
INV002614,1
INV002616,3
INV002617,3
INV002619,4
INV002620,1
INV002621,3
INV002622,6
INV002624,3
INV002625,5
INV002626,3
INV002627,5
INV002628,1
INV002629,3
INV002630,4
INV002631,4
INV002632,3
INV002633,6
INV002634,1
INV002635,4
INV002636,1
INV002637,4
INV002638,3
INV002639,3
INV002640,3
INV002641,4
INV002642,6
INV002643,4
INV002645,4
INV002647,4
INV002648,3
INV002649,2
INV002650,3
INV002651,4
INV002652,5
INV002654,4
INV002655,1
INV002656,3
INV002657,2
INV002658,5
INV002659,4
INV002660,3
INV002661,1
INV002662,1
INV002664,3
INV002666,5
INV002668,5
INV002669,2
INV002670,2
INV002671,5
INV002673,6
INV002674,4
INV002675,5
INV002676,3
INV002677,1
INV002679,4
INV002680,2
INV002681,4
INV002682,5
INV002684,4
INV002685,3
INV002686,3
INV002687,3
INV002688,3
INV002689,6
INV002690,2
INV002691,1
INV002692,6
INV002693,4
INV002694,3
INV002696,4
INV002697,3
INV002698,4
INV002699,3
INV002700,4
INV002701,2
INV002702,4
INV002703,2
INV002704,4
INV002705,2
INV002706,6
INV002707,4
INV002708,3
INV002709,1
INV002711,3
INV002712,4
INV002713,1
INV002714,3
INV002716,3
INV002717,3
INV002718,5
INV002719,2
INV002720,3
INV002722,3
INV002723,3
INV002724,4
INV002725,5
INV002726,5
INV002727,5
INV002729,4
INV002731,1
INV002732,5
INV002733,4
INV002734,4
INV002735,7
INV002736,6
INV002737,5
INV002738,2
INV002739,2
INV002740,2
INV002741,3
INV002743,4
INV002744,5
INV002745,5
INV002746,3
INV002747,4
INV002748,4
INV002749,2
INV002750,2
INV002751,7
INV002752,3
INV002753,5
INV002754,5
INV002756,2
INV002757,2
INV002758,5
INV002759,6
INV002761,4
INV002762,4
INV002763,1
INV002764,4
INV002765,4
INV002766,3
INV002767,3
INV002769,6
INV002770,4
INV002771,3
INV002772,5
INV002773,1
INV002774,3
INV002775,3
INV002776,3
INV002777,2
INV002778,2
INV002779,5
INV002780,3
INV002781,2
INV002782,2
INV002783,5
INV002784,1
INV002785,4
INV002786,6
INV002787,5
INV002788,5
INV002789,1
INV002790,2
INV002791,2
INV002792,2
INV002793,4
INV002794,4
INV002796,4
INV002797,1
INV002798,5
INV002799,4
INV002800,5
INV002801,4
INV002802,2
INV002803,4
INV002804,4
INV002805,3
INV002806,3
INV002807,2
INV002808,3
INV002809,2
INV002810,3
INV002811,5
INV002813,3
INV002814,1
INV002815,1
INV002816,1
INV002817,2
INV002818,2
INV002819,3
INV002820,2
INV002821,1
INV002822,5
INV002823,3
INV002824,4
INV002825,3
INV002826,6
INV002827,2
INV002828,4
INV002829,1
INV002830,3
INV002831,5
INV002832,7
INV002833,2
INV002834,4
INV002835,3
INV002837,1
INV002838,6
INV002839,3
INV002840,2
INV002841,3
INV002843,4
INV002845,1
INV002846,3
INV002847,4
INV002848,1
INV002849,2
INV002850,4
INV002851,3
INV002852,5
INV002853,3
INV002854,2
INV002855,2
INV002856,2
INV002858,2
INV002859,4
INV002860,2
INV002861,5
INV002862,6
INV002863,6
INV002864,3
INV002865,5
INV002866,3
INV002867,4
INV002868,3
INV002869,4
INV002870,5
INV002872,3
INV002873,5
INV002874,4
INV002875,1
INV002876,3
INV002877,2
INV002878,1
INV002879,4
INV002881,4
INV002882,4
INV002883,6
INV002886,6
INV002888,4
INV002889,1
INV002890,4
INV002891,6
INV002892,3
INV002893,4
INV002894,4
INV002895,4
INV002896,4
INV002897,4
INV002898,1
INV002899,4
INV002900,4
INV002901,3
INV002903,6
INV002904,3
INV002905,5
INV002906,4
INV002908,1
INV002909,5
INV002910,1
INV002911,6
INV002912,4
INV002913,6
INV002914,2
INV002915,3
INV002917,2
INV002920,2
INV002921,4
INV002922,2
INV002923,1
INV002924,2
INV002925,3
INV002926,4
INV002927,4
INV002928,4
INV002929,4
INV002930,3
INV002931,5
INV002932,5
INV002933,4
INV002934,4
INV002935,5
INV002937,3
INV002938,1
INV002939,3
INV002940,3
INV002941,3
INV002942,5
INV002943,4
INV002944,3
INV002945,6
INV002946,2
INV002947,4
INV002948,4
INV002949,2
INV002950,5
INV002951,5
INV002952,3
INV002953,3
INV002954,5
INV002955,1
INV002956,3
INV002957,5
INV002958,1
INV002959,1
INV002961,4
INV002963,1
INV002964,4
INV002966,4
INV002967,2
INV002968,2
INV002969,2
INV002970,3
INV002971,1
INV002973,1
INV002974,5
INV002975,1
INV002976,2
INV002977,3
INV002978,4
INV002979,3
INV002980,4
INV002981,2
INV002982,3
INV002983,4
INV002984,5
INV002985,2
INV002986,3
INV002987,2
INV002988,1
INV002989,5
INV002990,1
INV002991,2
INV002992,4
INV002993,5
INV002994,4
INV002996,5
INV002997,4
INV003000,4
INV003001,1
INV003002,3
INV003003,8
INV003004,5
INV003005,4
INV003006,2
INV003007,5
INV003008,4
INV003009,4
INV003010,4
INV003011,5
INV003012,2
INV003013,2
INV003014,3
INV003015,6
INV003016,4
INV003017,3
INV003018,2
INV003020,1
INV003021,4
INV003022,4
INV003023,2
INV003024,2
INV003025,3
INV003026,2
INV003027,4
INV003028,4
INV003029,2
INV003030,1
INV003031,3
INV003032,1
INV003033,5
INV003034,4
INV003035,1
INV003036,4
INV003037,4
INV003038,3
INV003040,4
INV003041,6
INV003042,1
INV003043,6
INV003044,3
INV003045,3
INV003046,3
INV003047,4
INV003048,2
INV003049,6
INV003050,2
INV003051,3
INV003052,2
INV003053,3
INV003054,6
INV003055,4
INV003057,6
INV003058,4
INV003059,2
INV003060,6
INV003061,5
INV003062,1
INV003063,5
INV003064,3
INV003065,5
INV003066,2
INV003067,1
INV003068,3
INV003069,2
INV003070,5
INV003071,2
INV003072,1
INV003073,4
INV003074,5
INV003075,3
INV003076,2
INV003077,3
INV003078,6
INV003079,3
INV003080,1
INV003081,3
INV003082,4
INV003083,4
INV003084,2
INV003085,2
INV003086,1
INV003087,1
INV003088,1
INV003089,5
INV003090,3
INV003091,3
INV003092,1
INV003095,6
INV003096,1
INV003097,4
INV003098,2
INV003099,3
INV003100,4
INV003101,5
INV003102,4
INV003103,3
INV003104,2
INV003105,5
INV003108,2
INV003109,3
INV003110,4
INV003111,5
INV003112,4
INV003113,6
INV003115,2
INV003116,3
INV003117,5
INV003118,1
INV003119,4
INV003120,4
INV003121,4
INV003122,1
INV003123,5
INV003124,6
INV003125,4
INV003127,2
INV003128,4
INV003129,3
INV003130,3
INV003131,1
INV003132,3
INV003133,2
INV003134,4
INV003136,2
INV003137,1
INV003138,1
INV003139,3
INV003140,4
INV003141,5
INV003142,1
INV003143,3
INV003144,4
INV003145,1
INV003146,5
INV003147,3
INV003149,1
INV003150,6
INV003151,3
INV003153,2
INV003154,3
INV003155,1
INV003157,3
INV003158,4
INV003159,3
INV003160,4
INV003161,5
INV003162,2
INV003163,2
INV003164,3
INV003165,4
INV003166,4
INV003167,3
INV003168,5
INV003169,3
INV003171,4
INV003173,4
INV003174,4
INV003176,4
INV003177,1
INV003178,4
INV003179,6
INV003181,4
INV003182,2
INV003183,2
INV003184,4
INV003185,4
INV003187,3
INV003188,4
INV003189,6
INV003190,3
INV003191,6
INV003192,4
INV003193,4
INV003194,4
INV003195,1
INV003196,4
INV003197,1
INV003198,3
INV003199,1
INV003200,5
INV003201,6
INV003202,3
INV003203,6
INV003204,1
INV003205,4
INV003206,4
INV003207,1
INV003208,2
INV003209,3
INV003210,4
INV003211,5
INV003212,3
INV003213,1
INV003214,4
INV003215,5
INV003216,3
INV003217,1
INV003218,4
INV003219,3
INV003220,4
INV003221,5
INV003222,5
INV003223,3
INV003224,2
INV003225,7
INV003226,3
INV003227,4
INV003228,3
INV003229,2
INV003230,3
INV003231,3
INV003232,3
INV003233,1
INV003234,5
INV003235,4
INV003236,4
INV003237,3
INV003238,5
INV003239,2
INV003240,3
INV003242,5
INV003243,2
INV003244,4
INV003245,3
INV003246,2
INV003247,5
INV003248,5
INV003249,2
INV003250,3
INV003251,4
INV003252,3
INV003253,3
INV003254,2
INV003256,6
INV003257,3
INV003258,6
INV003259,1
INV003260,3
INV003261,2
INV003262,5
INV003263,2
INV003264,3
INV003265,3
INV003267,3
INV003268,2
INV003269,4
INV003270,1
INV003271,6
INV003272,3
INV003273,5
INV003275,2
INV003276,4
INV003277,7
INV003278,1
INV003279,6
INV003280,3
INV003281,1
INV003282,2
INV003283,1
INV003284,1
INV003285,2
INV003286,1
INV003287,5
INV003288,5
INV003289,4
INV003291,5
INV003292,1
INV003294,2
INV003295,4
INV003296,3
INV003297,5
INV003298,3
INV003299,1
INV003300,2
INV003301,6
INV003302,3
INV003303,1
INV003304,4
INV003305,2
INV003306,2
INV003307,1
INV003308,5
INV003309,3
INV003310,4
INV003311,3
INV003312,1
INV003313,2
INV003314,4
INV003315,3
INV003316,1
INV003317,5
INV003319,2
INV003320,3
INV003321,3
INV003322,4
INV003324,4
INV003325,5
INV003326,3
INV003327,1
INV003328,2
INV003329,5
INV003330,1
INV003331,4
INV003332,3
INV003334,1
INV003335,4
INV003336,5
INV003337,1
INV003338,4
INV003340,5
INV003341,5
INV003342,3
INV003343,5
INV003344,5
INV003345,3
INV003346,3
INV003347,4
INV003348,1
INV003349,1
INV003350,4
INV003351,4
INV003352,5
INV003353,2
INV003354,4
INV003355,4
INV003356,2
INV003357,5
INV003358,1
INV003359,2
INV003360,5
INV003361,1
INV003362,2
INV003363,4
INV003365,1
INV003366,4
INV003369,5
INV003370,4
INV003371,3
INV003372,4
INV003373,6
INV003374,4
INV003375,4
INV003376,5
INV003377,4
INV003379,4
INV003380,5
INV003381,5
INV003382,4
INV003383,2
INV003384,1
INV003385,3
INV003387,4
INV003388,5
INV003389,3
INV003390,2
INV003391,3
INV003392,2
INV003393,6
INV003394,4
INV003395,5
INV003396,3
INV003397,3
INV003398,6
INV003399,2
INV003400,1
INV003401,3
INV003402,3
INV003403,3
INV003404,5
INV003405,2
INV003406,4
INV003407,4
INV003408,3
INV003409,4
INV003410,3
INV003411,5
INV003412,3
INV003414,3
INV003415,3
INV003416,1
INV003418,2
INV003419,3
INV003420,3
INV003421,3
INV003422,4
INV003423,5
INV003424,4
INV003425,3
INV003426,3
INV003427,3
INV003428,5
INV003429,4
INV003430,5
INV003431,5
INV003432,5
INV003433,1
INV003435,5
INV003436,5
INV003437,5
INV003438,4
INV003439,1
INV003441,2
INV003442,1
INV003443,2
INV003444,1
INV003445,1
INV003446,1
INV003448,7
INV003449,5
INV003450,3
INV003451,3
INV003452,2
INV003453,3
INV003454,2
INV003455,4
INV003456,1
INV003457,4
INV003458,4
INV003459,6
INV003460,5
INV003461,2
INV003462,6
INV003463,4
INV003464,2
INV003467,3
INV003468,2
INV003469,2
INV003470,2
INV003471,1
INV003473,4
INV003475,3
INV003476,2
INV003477,4
INV003478,5
INV003479,5
INV003480,5
INV003483,2
INV003484,1
INV003485,2
INV003487,4
INV003488,2
INV003490,2
INV003491,6
INV003492,5
INV003493,2
INV003494,4
INV003495,6
INV003496,6
INV003499,2
INV003500,3
INV003501,2
INV003502,1
INV003503,5
INV003505,6
INV003506,4
INV003507,3
INV003509,4
INV003510,2
INV003511,4
INV003512,2
INV003513,2
INV003514,3
INV003515,2
INV003516,2
INV003517,3
INV003518,5
INV003519,2
INV003520,3
INV003521,5
INV003523,1
INV003524,4
INV003525,5
INV003526,5
INV003527,3
INV003528,5
INV003529,1
INV003530,4
INV003531,4
INV003532,4
INV003533,4
INV003534,4
INV003535,3
INV003536,5
INV003537,5
INV003538,1
INV003539,6
INV003540,5
INV003541,2
INV003542,2
INV003543,5
INV003544,2
INV003545,5
INV003546,5
INV003548,1
INV003549,2
INV003550,1
INV003552,4
INV003553,6
INV003554,3
INV003555,4
INV003556,4
INV003557,2
INV003558,5
INV003559,5
INV003560,3
INV003561,5
INV003562,5
INV003563,3
INV003564,6
INV003565,6
INV003566,4
INV003567,3
INV003568,2
INV003569,4
INV003570,1
INV003571,4
INV003572,3
INV003573,4
INV003574,4
INV003575,3
INV003576,1
INV003577,2
INV003578,3
INV003579,4
INV003580,4
INV003581,6
INV003582,4
INV003583,4
INV003584,2
INV003586,6
INV003587,4
INV003588,2
INV003589,2
INV003590,3
INV003591,4
INV003592,3
INV003593,4
INV003594,3
INV003595,4
INV003596,1
INV003597,4
INV003598,6
INV003599,2
INV003600,3
INV003601,4
INV003602,5
INV003603,3
INV003604,4
INV003605,3
INV003606,3
INV003607,3
INV003608,3
INV003609,3
INV003610,1
INV003611,4
INV003612,2
INV003613,3
INV003614,6
INV003615,3
INV003616,5
INV003617,3
INV003618,2
INV003619,5
INV003620,4
INV003621,2
INV003622,1
INV003624,3
INV003625,4
INV003626,5
INV003627,4
INV003628,1
INV003630,3
INV003631,1
INV003632,2
INV003633,6
INV003634,3
INV003635,5
INV003636,5
INV003637,4
INV003638,3
INV003639,3
INV003640,1
INV003641,4
INV003642,1
INV003643,3
INV003644,4
INV003645,4
INV003646,1
INV003647,3
INV003648,2
INV003649,7
INV003650,4
INV003651,4
INV003652,1
INV003653,3
INV003654,4
INV003655,4
INV003656,3
INV003657,1
INV003658,4
INV003659,3
INV003660,4
INV003661,4
INV003662,3
INV003663,5
INV003664,4
INV003665,2
INV003666,5
INV003668,1
INV003669,3
INV003670,6
INV003671,4
INV003672,5
INV003673,6
INV003674,5
INV003675,4
INV003676,2
INV003677,3
INV003678,5
INV003680,5
INV003681,5
INV003682,3
INV003683,4
INV003684,4
INV003685,3
INV003686,6
INV003687,2
INV003688,1
INV003689,3
INV003690,1
INV003691,5
INV003693,5
INV003694,3
INV003695,4
INV003696,3
INV003697,5
INV003698,3
INV003699,3
INV003700,3
INV003702,4
INV003703,4
INV003705,6
INV003707,5
INV003708,4
INV003709,5
INV003710,5
INV003711,4
INV003712,3
INV003713,5
INV003714,2
INV003715,1
INV003716,3
INV003717,4
INV003718,5
INV003719,2
INV003720,6
INV003721,1
INV003722,5
INV003723,4
INV003724,5
INV003725,2
INV003726,2
INV003727,2
INV003728,3
INV003730,2
INV003731,5
INV003732,6
INV003733,4
INV003734,2
INV003735,4
INV003736,7
INV003737,4
INV003738,3
INV003739,4
INV003740,2
INV003741,5
INV003742,2
INV003743,4
INV003744,5
INV003745,7
INV003747,4
INV003748,4
INV003749,2
INV003750,2
INV003751,2
INV003752,1
INV003753,1
INV003755,3
INV003756,6
INV003757,7
INV003758,4
INV003759,4
INV003760,1
INV003761,5
INV003762,4
INV003763,2
INV003764,1
INV003765,4
INV003766,8
INV003767,5
INV003768,1
INV003769,4
INV003770,1
INV003771,6
INV003772,4
INV003773,3
INV003775,5
INV003776,1
INV003778,4
INV003779,3
INV003780,3
INV003781,3
INV003782,6
INV003783,5
INV003784,1
INV003785,4
INV003786,2
INV003787,5
INV003788,4
INV003789,3
INV003791,4
INV003792,3
INV003793,4
INV003794,4
INV003795,5
INV003796,1
INV003797,4
INV003798,4
INV003799,4
INV003800,3
INV003801,4
INV003803,5
INV003804,3
INV003805,2
INV003806,4
INV003807,1
INV003808,4
INV003809,4
INV003810,5
INV003811,5
INV003812,4
INV003813,4
INV003814,1
INV003815,4
INV003816,2
INV003817,3
INV003818,2
INV003819,2
INV003820,4
INV003821,3
INV003822,6
INV003823,3
INV003824,3
INV003825,4
INV003826,2
INV003828,2
INV003829,4
INV003830,6
INV003832,4
INV003833,2
INV003834,4
INV003835,3
INV003836,4
INV003837,1
INV003838,2
INV003839,1
INV003840,2
INV003842,2
INV003844,4
INV003845,2
INV003846,3
INV003847,4
INV003848,5
INV003849,5
INV003851,3
INV003852,2
INV003853,3
INV003854,3
INV003855,4
INV003856,2
INV003857,3
INV003858,4
INV003859,4
INV003860,4
INV003862,5
INV003863,1
INV003864,3
INV003865,5
INV003866,1
INV003867,3
INV003868,5
INV003869,3
INV003870,3
INV003871,2
INV003872,4
INV003873,3
INV003874,2
INV003876,6
INV003877,4
INV003878,2
INV003879,1
INV003880,5
INV003882,2
INV003883,3
INV003884,1
INV003885,2
INV003887,2
INV003888,5
INV003889,3
INV003891,3
INV003892,6
INV003893,2
INV003894,6
INV003895,1
INV003896,4
INV003897,4
INV003898,2
INV003899,4
INV003900,2
INV003901,4
INV003902,3
INV003903,3
INV003904,2
INV003905,5
INV003906,5
INV003907,4
INV003908,4
INV003909,6
INV003910,4
INV003911,4
INV003912,5
INV003913,5
INV003914,1
INV003915,1
INV003916,3
INV003917,1
INV003918,5
INV003919,3
INV003920,4
INV003921,1
INV003922,1
INV003923,1
INV003924,1
INV003925,5
INV003926,5
INV003927,1
INV003928,2
INV003929,2
INV003931,3
INV003932,2
INV003934,3
INV003935,1
INV003936,5
INV003937,3
INV003938,6
INV003939,1
INV003940,4
INV003941,2
INV003942,4
INV003943,5
INV003944,1
INV003945,4
INV003946,4
INV003947,4
INV003948,4
INV003949,2
INV003950,2
INV003951,5
INV003952,4
INV003953,2
INV003954,4
INV003955,2
INV003956,2
INV003957,7
INV003958,6
INV003959,1
INV003960,4
INV003961,5
INV003962,5
INV003963,2
INV003964,5
INV003966,1
INV003967,4
INV003968,6
INV003969,1
INV003970,4
INV003971,2
INV003972,4
INV003973,5
INV003974,5
INV003975,3
INV003976,2
INV003977,4
INV003978,6
INV003979,4
INV003980,3
INV003981,6
INV003982,4
INV003983,3
INV003984,1
INV003985,4
INV003986,3
INV003987,6
INV003988,1
INV003989,3
INV003990,2
INV003991,1
INV003992,3
INV003993,3
INV003995,1
INV003996,4
INV003997,6
INV003998,3
INV003999,1
INV004001,4
INV004002,3
INV004003,3
INV004004,4
INV004005,4
INV004006,3
INV004007,3
INV004008,2
INV004009,6
INV004011,2
INV004012,4
INV004014,6
INV004015,4
INV004016,3
INV004017,3
INV004018,4
INV004019,4
INV004022,1
INV004023,5
INV004024,5
INV004025,1
INV004026,3
INV004027,2
INV004028,6
INV004030,4
INV004031,1
INV004032,2
INV004033,3
INV004034,1
INV004035,3
INV004036,4
INV004037,3
INV004038,4
INV004039,1
INV004040,4
INV004041,2
INV004042,2
INV004043,4
INV004044,3
INV004045,3
INV004046,2
INV004047,1
INV004048,1
INV004049,4
INV004050,3
INV004051,6
INV004052,4
INV004053,1
INV004054,1
INV004056,3
INV004058,4
INV004059,2
INV004060,1
INV004061,2
INV004062,1
INV004063,5
INV004064,4
INV004065,3
INV004066,3
INV004067,5
INV004068,2
INV004069,3
INV004070,4
INV004071,4
INV004072,1
INV004073,5
INV004074,2
INV004075,3
INV004076,3
INV004077,3
INV004078,3
INV004079,3
INV004080,7
INV004081,3
INV004082,2
INV004084,2
INV004085,5
INV004086,1
INV004087,2
INV004088,2
INV004089,4
INV004090,3
INV004091,3
INV004092,1
INV004094,2
INV004095,2
INV004096,5
INV004097,2
INV004098,4
INV004099,3
INV004100,4
INV004101,2
INV004102,3
INV004103,1
INV004104,3
INV004105,3
INV004106,2
INV004107,1
INV004108,3
INV004109,5
INV004110,2
INV004111,2
INV004112,5
INV004113,1
INV004114,2
INV004115,3
INV004116,6
INV004117,1
INV004118,6
INV004119,5
INV004120,3
INV004121,2
INV004122,1
INV004123,4
INV004124,5
INV004125,4
INV004126,1
INV004127,4
INV004128,5
INV004129,1
INV004130,3
INV004131,3
INV004132,3
INV004133,3
INV004134,4
INV004135,3
INV004137,1
INV004138,4
INV004139,2
INV004140,4
INV004142,5
INV004143,5
INV004144,1
INV004145,3
INV004146,6
INV004147,4
INV004148,6
INV004149,3
INV004150,2
INV004151,4
INV004152,4
INV004153,5
INV004154,6
INV004157,1
INV004159,1
INV004160,4
INV004161,4
INV004162,1
INV004163,3
INV004164,2
INV004165,3
INV004166,3
INV004167,1
INV004168,1
INV004169,4
INV004171,2
INV004172,3
INV004173,4
INV004174,5
INV004175,6
INV004176,1
INV004177,3
INV004178,2
INV004179,4
INV004181,4
INV004182,2
INV004183,1
INV004184,4
INV004185,3
INV004186,1
INV004187,1
INV004189,2
INV004190,3
INV004191,3
INV004193,3
INV004194,1
INV004195,3
INV004196,5
INV004197,3
INV004198,1
INV004199,2
INV004200,2
INV004201,3
INV004202,5
INV004203,7
INV004204,4
INV004205,3
INV004206,1
INV004207,3
INV004208,4
INV004209,1
INV004210,4
INV004211,2
INV004212,3
INV004214,1
INV004215,1
INV004216,4
INV004217,1
INV004220,2
INV004221,1
INV004222,2
INV004223,5
INV004224,3
INV004225,3
INV004226,6
INV004227,1
INV004228,4
INV004229,2
INV004230,6
INV004231,6
INV004232,5
INV004233,5
INV004234,1
INV004236,1
INV004237,3
INV004238,1
INV004239,5
INV004240,3
INV004241,7
INV004242,1
INV004243,5
INV004244,3
INV004246,4
INV004247,5
INV004248,4
INV004249,2
INV004250,3
INV004252,2
INV004253,3
INV004254,3
INV004255,1
INV004256,1
INV004257,5
INV004258,4
INV004259,3
INV004260,1
INV004261,2
INV004262,3
INV004263,5
INV004264,3
INV004265,3
INV004266,3
INV004267,5
INV004268,3
INV004269,1
INV004270,4
INV004271,4
INV004272,2
INV004273,4
INV004274,7
INV004275,1
INV004276,1
INV004277,4
INV004278,4
INV004279,4
INV004280,3
INV004281,4
INV004282,5
INV004283,5
INV004284,2
INV004285,3
INV004286,1
INV004287,3
INV004288,4
INV004289,5
INV004290,4
INV004291,3
INV004293,4
INV004294,6
INV004295,6
INV004296,4
INV004297,7
INV004298,2
INV004299,4
INV004300,2
INV004301,2
INV004302,4
INV004303,3
INV004304,4
INV004305,3
INV004306,4
INV004307,3
INV004308,5
INV004310,4
INV004311,3
INV004312,1
INV004313,2
INV004314,4
INV004315,1
INV004316,2
INV004317,1
INV004318,5
INV004319,5
INV004320,1
INV004321,5
INV004322,5
INV004324,5
INV004326,3
INV004328,2
INV004329,3
INV004330,3
INV004331,1
INV004332,6
INV004333,2
INV004334,4
INV004335,6
INV004336,3
INV004337,3
INV004338,5
INV004339,4
INV004340,4
INV004341,4
INV004342,5
INV004343,6
INV004344,3
INV004345,3
INV004346,3
INV004347,5
INV004348,5
INV004349,4
INV004350,2
INV004351,2
INV004352,5
INV004353,4
INV004354,3
INV004355,1
INV004356,2
INV004357,4
INV004358,5
INV004359,2
INV004360,5
INV004361,5
INV004362,4
INV004363,4
INV004364,3
INV004365,6
INV004366,5
INV004367,3
INV004368,4
INV004369,3
INV004370,1
INV004371,2
INV004372,3
INV004374,6
INV004375,3
INV004376,5
INV004377,3
INV004378,6
INV004379,4
INV004380,4
INV004381,5
INV004382,1
INV004384,4
INV004386,2
INV004387,3
INV004388,3
INV004390,2
INV004391,4
INV004392,6
INV004393,3
INV004394,3
INV004395,1
INV004398,4
INV004399,2
INV004400,5
INV004401,4
INV004402,2
INV004403,5
INV004404,3
INV004406,2
INV004407,3
INV004408,5
INV004410,4
INV004411,4
INV004412,4
INV004413,5
INV004414,3
INV004415,1
INV004417,2
INV004418,2
INV004419,1
INV004420,4
INV004421,5
INV004422,1
INV004423,1
INV004424,1
INV004425,3
INV004426,3
INV004427,5
INV004428,4
INV004430,1
INV004432,2
INV004433,1
INV004434,6
INV004435,3
INV004436,4
INV004437,4
INV004438,1
INV004439,2
INV004440,2
INV004441,3
INV004442,4
INV004443,4
INV004445,3
INV004446,5
INV004447,4
INV004448,3
INV004449,2
INV004450,3
INV004451,4
INV004452,4
INV004453,2
INV004454,7
INV004455,4
INV004456,1
INV004457,5
INV004458,1
INV004459,6
INV004460,3
INV004461,5
INV004462,2
INV004463,3
INV004464,4
INV004465,4
INV004466,4
INV004467,2
INV004468,5
INV004469,2
INV004471,3
INV004472,5
INV004473,7
INV004474,4
INV004475,6
INV004476,5
INV004477,5
INV004478,1
INV004479,2
INV004481,3
INV004482,4
INV004483,1
INV004484,3
INV004485,2
INV004486,3
INV004487,1
INV004488,3
INV004489,2
INV004490,3
INV004491,4
INV004492,3
INV004493,6
INV004494,2
INV004495,5
INV004496,5
INV004497,4
INV004498,4
INV004500,2
INV004502,6
INV004503,1
INV004504,4
INV004505,5
INV004506,4
INV004508,3
INV004509,3
INV004510,5
INV004511,3
INV004513,4
INV004514,4
INV004515,4
INV004516,3
INV004517,5
INV004518,4
INV004519,3
INV004520,2
INV004521,4
INV004522,3
INV004523,4
INV004524,2
INV004525,3
INV004526,3
INV004527,5
INV004528,3
INV004529,4
INV004530,2
INV004531,4
INV004532,1
INV004533,5
INV004534,5
INV004535,1
INV004536,1
INV004537,2
INV004539,2
INV004540,5
INV004542,6
INV004543,1
INV004544,4
INV004545,3
INV004546,3
INV004547,3
INV004548,3
INV004549,3
INV004551,3
INV004552,1
INV004553,4
INV004554,2
INV004555,5
INV004556,1
INV004557,4
INV004558,1
INV004559,2
INV004560,6
INV004561,1
INV004562,5
INV004563,5
INV004564,1
INV004565,4
INV004566,3
INV004567,2
INV004568,2
INV004569,2
INV004570,1
INV004573,2
INV004574,5
INV004575,2
INV004576,4
INV004578,4
INV004579,4
INV004581,6
INV004582,5
INV004583,5
INV004584,4
INV004585,3
INV004586,1
INV004587,3
INV004588,2
INV004589,4
INV004590,1
INV004591,3
INV004592,5
INV004593,4
INV004594,4
INV004595,3
INV004596,4
INV004598,4
INV004599,1
INV004600,6
INV004601,2
INV004602,3
INV004604,2
INV004605,7
INV004606,6
INV004607,3
INV004608,5
INV004609,4
INV004610,2
INV004611,2
INV004612,1
INV004614,5
INV004615,1
INV004616,4
INV004617,5
INV004618,1
INV004619,4
INV004620,1
INV004621,5
INV004622,3
INV004623,3
INV004625,6
INV004626,1
INV004627,3
INV004629,4
INV004630,6
INV004631,5
INV004632,4
INV004633,5
INV004634,3
INV004635,4
INV004636,4
INV004637,2
INV004638,6
INV004639,5
INV004640,3
INV004641,4
INV004642,2
INV004643,3
INV004644,3
INV004645,1
INV004646,3
INV004647,3
INV004648,3
INV004649,3
INV004650,4
INV004651,6
INV004652,1
INV004653,4
INV004654,4
INV004655,3
INV004656,3
INV004657,2
INV004659,4
INV004660,3
INV004661,6
INV004662,1
INV004664,4
INV004665,3
INV004666,4
INV004667,2
INV004668,3
INV004669,3
INV004672,5
INV004673,3
INV004674,1
INV004676,1
INV004677,4
INV004678,6
INV004679,3
INV004680,2
INV004681,1
INV004682,5
INV004683,1
INV004684,2
INV004686,1
INV004687,4
INV004688,4
INV004689,4
INV004691,3
INV004692,5
INV004693,3
INV004694,3
INV004695,4
INV004696,1
INV004697,2
INV004698,3
INV004699,3
INV004700,3
INV004701,3
INV004702,3
INV004703,4
INV004704,5
INV004705,2
INV004709,3
INV004711,3
INV004712,5
INV004713,1
INV004714,1
INV004715,4
INV004716,5
INV004717,3
INV004718,3
INV004719,3
INV004720,4
INV004721,2
INV004722,4
INV004723,1
INV004724,4
INV004725,2
INV004726,2
INV004727,1
INV004728,1
INV004729,3
INV004730,2
INV004731,4
INV004733,4
INV004734,4
INV004735,4
INV004736,2
INV004737,5
INV004738,5
INV004739,6
INV004740,2
INV004741,4
INV004742,3
INV004743,2
INV004744,5
INV004745,4
INV004746,1
INV004747,4
INV004748,4
INV004749,2
INV004750,2
INV004751,3
INV004752,3
INV004753,5
INV004754,5
INV004755,4
INV004756,6
INV004758,2
INV004759,2
INV004760,2
INV004761,3
INV004763,3
INV004764,6
INV004765,4
INV004767,3
INV004768,1
INV004769,3
INV004770,8
INV004771,3
INV004772,2
INV004774,4
INV004775,3
INV004776,5
INV004777,2
INV004778,3
INV004779,1
INV004780,6
INV004781,4
INV004783,3
INV004784,5
INV004785,4
INV004786,4
INV004787,6
INV004788,2
INV004790,4
INV004791,2
INV004792,2
INV004793,1
INV004794,4
INV004795,1
INV004796,2
INV004797,5
INV004798,6
INV004799,1
INV004800,1
INV004801,2
INV004802,2
INV004803,3
INV004804,3
INV004805,3
INV004806,1
INV004807,3
INV004808,2
INV004809,1
INV004810,2
INV004811,3
INV004812,2
INV004813,4
INV004814,3
INV004815,1
INV004816,3
INV004817,4
INV004818,5
INV004819,5
INV004820,3
INV004821,3
INV004822,4
INV004823,5
INV004824,1
INV004825,5
INV004826,5
INV004827,5
INV004828,3
INV004829,4
INV004830,4
INV004831,3
INV004832,2
INV004833,4
INV004834,4
INV004835,3
INV004836,3
INV004837,5
INV004839,2
INV004840,5
INV004841,4
INV004842,2
INV004843,3
INV004844,3
INV004845,6
INV004846,4
INV004847,3
INV004848,4
INV004849,3
INV004850,5
INV004851,5
INV004852,3
INV004853,4
INV004854,4
INV004855,4
INV004856,3
INV004857,5
INV004858,4
INV004860,4
INV004861,2
INV004862,1
INV004863,3
INV004864,5
INV004865,5
INV004866,4
INV004867,3
INV004868,2
INV004869,1
INV004870,1
INV004871,4
INV004872,2
INV004874,6
INV004875,5
INV004876,4
INV004877,3
INV004880,5
INV004881,2
INV004882,2
INV004883,2
INV004884,2
INV004885,6
INV004886,3
INV004887,4
INV004888,3
INV004889,6
INV004890,3
INV004891,6
INV004892,4
INV004893,1
INV004894,3
INV004895,2
INV004896,3
INV004898,1
INV004899,5
INV004900,4
INV004901,4
INV004902,2
INV004903,4
INV004904,3
INV004905,1
INV004906,2
INV004907,2
INV004908,3
INV004910,5
INV004911,5
INV004912,4
INV004913,4
INV004914,4
INV004915,4
INV004916,6
INV004917,6
INV004918,4
INV004919,4
INV004920,2
INV004922,4
INV004923,2
INV004924,5
INV004925,5
INV004926,5
INV004927,3
INV004929,3
INV004930,3
INV004931,1
INV004932,5
INV004933,2
INV004934,3
INV004935,1
INV004937,1
INV004938,4
INV004939,4
INV004940,1
INV004942,2
INV004943,2
INV004944,2
INV004945,4
INV004946,1
INV004947,5
INV004948,4
INV004949,1
INV004950,4
INV004951,3
INV004952,3
INV004953,4
INV004954,2
INV004955,3
INV004956,4
INV004957,4
INV004958,7
INV004959,4
INV004960,3
INV004961,3
INV004962,3
INV004963,4
INV004964,2
INV004965,1
INV004966,1
INV004967,4
INV004968,3
INV004969,4
INV004970,4
INV004971,2
INV004972,3
INV004973,6
INV004974,5
INV004977,3
INV004978,5
INV004979,4
INV004980,3
INV004981,5
INV004982,6
INV004983,3
INV004984,6
INV004985,3
INV004986,3
INV004987,2
INV004988,1
INV004989,3
INV004990,4
INV004991,1
INV004992,3
INV004993,4
INV004994,3
INV004995,2
INV004996,4
INV004997,4
INV004998,4
INV004999,4
